{"scope.version":"2","timeline.animationMode":"quickMode","viewport.width":300,"viewport.height":250,"library.openDirectories":[],"library.GroupsPath":{},"library.downloadedAssets":{},"tool.text.optionsState":{"fontName":"Times New Roman","fontSize":"12px","fontWeight":"normal","fontStyle":"normal","alignLeft":false,"alignCenter":true,"alignRight":false,"alignJustify":false,"verticalAlignCenter":false,"foreColor":"rgba(179,38,38,1)","tagName":"span","orderedList":false,"unorderedList":false},"design.zoom":2,"ruler.guides.horizontal":[],"ruler.guides.vertical":[],"ruler.guides.show":true,"ruler.guides.lock":false,"publish.drive.name":"250x300","publish.drive.flatten":true,"publish.drive.minify":true,"publish.drive.inlineFiles":true,"publish.drive.createZip":true,"publish.drive.politeLoad":true,"publish.drive.exportMozilla":true,"publish.drive.exportWebkit":true,"publish.drive.unpackGroups":true,"publish.drive.borderColor":"rgba(0,0,0,1)","publish.drive.addBorder":false,"":false,"publish.local.flatten":true,"publish.local.minify":true,"publish.local.inlineFiles":true,"publish.local.createZip":true,"publish.local.politeLoad":true,"publish.local.exportMozilla":true,"publish.local.exportWebkit":true,"publish.local.unpackGroups":true,"publish.local.borderColor":"rgba(0,0,0,1)","publish.local.addBorder":false,"publish.local.skipLoadingDelay":false}