{"scope.version":"2","timeline.animationMode":"quickMode","viewport.width":200,"viewport.height":200,"library.openDirectories":[],"library.GroupsPath":{},"library.downloadedAssets":{},"design.zoom":2.25,"timeline.loopPreview":true,"tool.text.optionsState":{"fontName":"Times New Roman","fontSize":"16px","fontWeight":"normal","fontStyle":"normal","alignLeft":true,"alignCenter":false,"alignRight":false,"alignJustify":false,"verticalAlignCenter":false,"foreColor":"rgba(0,0,0,0.75)","tagName":"span","orderedList":false,"unorderedList":false},"color.customColorPalettes":[{"color_data":[{"css":"rgba(0,0,0,1)"}],"name":"documentSwatches"}]}