{"scope.version":"2","timeline.animationMode":"quickMode","viewport.width":300,"viewport.height":300,"library.openDirectories":[],"library.GroupsPath":{},"library.downloadedAssets":{},"design.zoom":1.75,"timeline.loopPreview":true,"ruler.guides.show":true,"tool.text.optionsState":{"fontName":"Jaldi","fontSize":"16px","fontWeight":"normal","fontStyle":"normal","alignLeft":true,"alignCenter":false,"alignRight":false,"alignJustify":false,"verticalAlignCenter":false,"foreColor":"rgba(0,0,0,1)","tagName":"p","orderedList":false,"unorderedList":false},"publish.local.width":300,"publish.local.height":300}